<?xml version="1.0" encoding="UTF-8"?>
<beans xmlns:mvc="http://www.springframework.org/schema/mvc"
	xmlns:xsi="http://www.w3.org/2001/XMLSchema-instance"
	xmlns="http://www.springframework.org/schema/beans"
	xmlns:context="http://www.springframework.org/schema/context"
	xmlns:tx="http://www.springframework.org/schema/tx"
	xmlns:jdbc="http://www.springframework.org/schema/jdbc"
	xmlns:jpa="http://www.springframework.org/schema/data/jpa"
	xmlns:security="http://www.springframework.org/schema/security"
	xmlns:p="http://www.springframework.org/schema/p"
	xsi:schemaLocation="http://www.springframework.org/schema/jdbc http://www.springframework.org/schema/jdbc/spring-jdbc-3.1.xsd
		http://www.springframework.org/schema/mvc http://www.springframework.org/schema/mvc/spring-mvc.xsd
		http://www.springframework.org/schema/security http://www.springframework.org/schema/security/spring-security-3.1.xsd
		http://www.springframework.org/schema/beans http://www.springframework.org/schema/beans/spring-beans.xsd
		http://www.springframework.org/schema/data/jpa http://www.springframework.org/schema/data/jpa/spring-jpa-1.2.xsd
		http://www.springframework.org/schema/tx http://www.springframework.org/schema/tx/spring-tx-3.1.xsd
		http://www.springframework.org/schema/context http://www.springframework.org/schema/context/spring-context.xsd">

	<!-- DispatcherServlet Context: defines this servlet's request-processing infrastructure -->
	
	<!-- Enables the Spring MVC @Controller programming model -->
	<mvc:annotation-driven>
	    <mvc:message-converters>
	        <bean class="org.springframework.http.converter.json.MappingJacksonHttpMessageConverter"
	            p:objectMapper-ref="jacksonObjectMapper" />
	    </mvc:message-converters>
	</mvc:annotation-driven>
	
	<!-- Handles HTTP GET requests for /resources/** by efficiently serving up static resources in the ${webappRoot}/resources directory -->
	<mvc:resources mapping="/resources/**" location="/resources/" />
	
	<!-- Resolves views selected for rendering by @Controllers to .jsp resources in the /WEB-INF/views directory -->
	<bean class="org.springframework.web.servlet.view.InternalResourceViewResolver">
		<property name="prefix" value="/WEB-INF/views/" />
		<property name="suffix" value=".jsp" />
	</bean>

	<context:component-scan base-package="com.dstsystems.training" />
	<bean id="jaxbAnnIntrospector" class="org.codehaus.jackson.xc.JaxbAnnotationIntrospector" />
	<bean id="jacksonObjectMapper" class="org.codehaus.jackson.map.ObjectMapper">
	    <property name="serializationConfig.annotationIntrospector" ref="jaxbAnnIntrospector" />
	    <property name="deserializationConfig.annotationIntrospector" ref="jaxbAnnIntrospector" />
	</bean>
	 
</beans>
