<?xml version="1.0" encoding="UTF-8"?>
<beans xmlns="http://www.springframework.org/schema/beans"
	xmlns:xsi="http://www.w3.org/2001/XMLSchema-instance"
	xmlns:jpa="http://www.springframework.org/schema/data/jpa"
	xmlns:tx="http://www.springframework.org/schema/tx"
	xmlns:jdbc="http://www.springframework.org/schema/jdbc"
	xsi:schemaLocation="http://www.springframework.org/schema/jdbc http://www.springframework.org/schema/jdbc/spring-jdbc-3.1.xsd
		http://www.springframework.org/schema/beans http://www.springframework.org/schema/beans/spring-beans.xsd
		http://www.springframework.org/schema/data/jpa http://www.springframework.org/schema/data/jpa/spring-jpa-1.2.xsd
		http://www.springframework.org/schema/tx http://www.springframework.org/schema/tx/spring-tx-3.1.xsd">
	
	<!-- Root Context: defines shared resources visible to all other web components -->
	<jpa:repositories base-package="com.dstsystems.**.repository" />	

	
	<jdbc:embedded-database type="HSQL" id="dataSource">		
		<jdbc:script execution="INIT" location="classpath:META-INF/createTables.sql"/>
		<jdbc:script execution="INIT" location="classpath:META-INF/loadTables.sql"/>
	</jdbc:embedded-database>	

<!--
    <bean class="org.apache.commons.dbcp.BasicDataSource" destroy-method="close" id="dataSource">
        <property name="driverClassName" value="org.h2.Driver"/>
        <property name="url" value="jdbc:h2:mem:HRWeb;DB_CLOSE_DELAY=-1"/>
        <property name="username" value="sa"/>
        <property name="password" value=""/>
        <property name="testOnBorrow" value="true"/>
        <property name="testOnReturn" value="true"/>
        <property name="testWhileIdle" value="true"/>
        <property name="timeBetweenEvictionRunsMillis" value="1800000"/>
        <property name="numTestsPerEvictionRun" value="3"/>
        <property name="minEvictableIdleTimeMillis" value="1800000"/>
    </bean>
-->
    
    <bean class="org.springframework.orm.jpa.JpaTransactionManager" id="transactionManager">
        <property name="entityManagerFactory" ref="entityManagerFactory"/>
    </bean>
    
    <bean class="org.springframework.orm.jpa.LocalContainerEntityManagerFactoryBean" id="entityManagerFactory">
        <property name="persistenceUnitName" value="persistenceUnit"/>
        <property name="dataSource" ref="dataSource"/>
    </bean>	
		
</beans>
